{
    "hidden_size": 1024,
    "weight_decay_cl": 0.03,
    "weight_decay_encoder": 0.000382100265544006,
    "latent_size": 256,
    "num_layers": 1,
    "dropout_prob": 0.174,
    "layer_norm": false,
    "embed_size": 512,
    "AUC": 0.7380025652776593
}